<?xml version="1.0" encoding="UTF-8"?>
<beans xmlns="http://www.springframework.org/schema/beans"
	xmlns:xsi="http://www.w3.org/2001/XMLSchema-instance"
	xmlns:context="http://www.springframework.org/schema/context"
	xsi:schemaLocation="http://www.springframework.org/schema/beans https://www.springframework.org/schema/beans/spring-beans-4.3.xsd
		http://www.springframework.org/schema/context https://www.springframework.org/schema/context/spring-context-4.3.xsd">

	<!--DataSource configuration -->
	<bean id="HKDS" class="com.zaxxer.hikari.HikariDataSource">
		<property name="driverClassName"
			value="com.mysql.cj.jdbc.Driver" />
		<property name="jdbcUrl"
			value="jdbc:mysql://localhost:3306/spring712" />
		<property name="username" value="root" />
		<property name="password" value="root" />
		<property name="maximumPoolSize" value="20" />
	</bean>
	
	<!-- Jdbc template configuration -->
	<bean id="jdbctemplate"
		class="org.springframework.jdbc.core.JdbcTemplate">
		<constructor-arg ref="HKDS"></constructor-arg>
	</bean>


	<!--PlayerInfo DAO class configuration -->
	<context:component-scan
		base-package="kcp.spring.dao" />

</beans>
