<?xml version="1.0" encoding="UTF-8"?>
<beans xmlns="http://www.springframework.org/schema/beans"
	xmlns:xsi="http://www.w3.org/2001/XMLSchema-instance"
	xsi:schemaLocation="http://www.springframework.org/schema/beans https://www.springframework.org/schema/beans/spring-beans-4.3.xsd">
	<bean id="HikariDS" class="com.zaxxer.hikari.HikariDataSource">
		<property name="driverClassName"
			value="com.mysql.cj.jdbc.Driver" />
		<property name="jdbcUrl"
			value="jdbc:mysql://localhost:3306/spring712" />
		<property name="username" value="root" />
		<property name="password" value="root" />
	</bean>
	<bean id="template"
		class="org.springframework.jdbc.core.JdbcTemplate">
		<constructor-arg ref="HikariDS" />
	</bean>
	<bean id="EmployeeDAO" class="kcp.springJDBC.DAO.EmployeeDAOIMpl">
		<constructor-arg ref="template" />
	</bean>


</beans>
